Datetime,Water Level (m)
2025-03-22 06:00:00,-0.72253126
2025-03-22 07:00:00,-0.42016202
2025-03-22 08:00:00,-0.17265365
2025-03-22 09:00:00,-0.020837696
2025-03-22 10:00:00,0.06620191
2025-03-22 11:00:00,0.071713634
2025-03-22 12:00:00,-0.0038995051
2025-03-22 13:00:00,-0.13026856
2025-03-22 14:00:00,-0.26757795
2025-03-22 15:00:00,-0.3763999
2025-03-22 16:00:00,-0.44967693
2025-03-22 17:00:00,-0.49729338
2025-03-22 18:00:00,-0.49949664
2025-03-22 19:00:00,-0.4191888
2025-03-22 20:00:00,-0.28665185
2025-03-22 21:00:00,-0.20940328
2025-03-22 22:00:00,-0.20264925
2025-03-22 23:00:00,-0.25260943
2025-03-23 00:00:00,-0.35160208
2025-03-23 01:00:00,-0.47981358
2025-03-23 02:00:00,-0.59636486
2025-03-23 03:00:00,-0.67800385
2025-03-23 04:00:00,-0.7155524
2025-03-23 05:00:00,-0.7165959
2025-03-23 06:00:00,-0.6944596
2025-03-23 07:00:00,-0.6120923
2025-03-23 08:00:00,-0.42866376
2025-03-23 09:00:00,-0.25788313
2025-03-23 10:00:00,-0.123883545
2025-03-23 11:00:00,-0.005884935
2025-03-23 12:00:00,0.06354806
2025-03-23 13:00:00,0.06192855
2025-03-23 14:00:00,0.00063230516
2025-03-23 15:00:00,-0.11187034
2025-03-23 16:00:00,-0.24667004
2025-03-23 17:00:00,-0.36088154
2025-03-23 18:00:00,-0.45011222
2025-03-23 19:00:00,-0.51566327
2025-03-23 20:00:00,-0.539656
2025-03-23 21:00:00,-0.5343287
2025-03-23 22:00:00,-0.48940387
2025-03-23 23:00:00,-0.3673021
2025-03-24 00:00:00,-0.2698434
2025-03-24 01:00:00,-0.256283
2025-03-24 02:00:00,-0.2980909
2025-03-24 03:00:00,-0.38040632
2025-03-24 04:00:00,-0.4936078
2025-03-24 05:00:00,-0.60838866
2025-03-24 06:00:00,-0.6946921
2025-03-24 07:00:00,-0.74133724
2025-03-24 08:00:00,-0.72741854
2025-03-24 09:00:00,-0.6144624
2025-03-24 10:00:00,-0.3815182
2025-03-24 11:00:00,-0.14463365
2025-03-24 12:00:00,0.04726131
2025-03-24 13:00:00,0.17161484
2025-03-24 14:00:00,0.21818012
2025-03-24 15:00:00,0.18196796
2025-03-24 16:00:00,0.059891492
2025-03-24 17:00:00,-0.13987605
2025-03-24 18:00:00,-0.334819
2025-03-24 19:00:00,-0.49364138
2025-03-24 20:00:00,-0.6166191
2025-03-24 21:00:00,-0.70328504
2025-03-24 22:00:00,-0.72407836
2025-03-24 23:00:00,-0.60916555
2025-03-25 00:00:00,-0.37185714
2025-03-25 01:00:00,-0.1897088
2025-03-25 02:00:00,-0.09486158
2025-03-25 03:00:00,-0.07134088
2025-03-25 04:00:00,-0.13404785
2025-03-25 05:00:00,-0.2825229
2025-03-25 06:00:00,-0.46591133
2025-03-25 07:00:00,-0.6160323
2025-03-25 08:00:00,-0.7201307
2025-03-25 09:00:00,-0.78159964
2025-03-25 10:00:00,-0.7636916
2025-03-25 11:00:00,-0.5174875
2025-03-25 12:00:00,-0.17955914
2025-03-25 13:00:00,0.11477158
2025-03-25 14:00:00,0.31052914
2025-03-25 15:00:00,0.4248953
2025-03-25 16:00:00,0.40414846
2025-03-25 17:00:00,0.23343897
2025-03-25 18:00:00,-0.04595639
2025-03-25 19:00:00,-0.30100882
2025-03-25 20:00:00,-0.49944064
2025-03-25 21:00:00,-0.65766335
2025-03-25 22:00:00,-0.77864116
2025-03-25 23:00:00,-0.8299933
2025-03-26 00:00:00,-0.63084227
2025-03-26 01:00:00,-0.2542995
2025-03-26 02:00:00,0.02913936
2025-03-26 03:00:00,0.20782705
2025-03-26 04:00:00,0.27933374
2025-03-26 05:00:00,0.1900259
2025-03-26 06:00:00,-0.050875112
2025-03-26 07:00:00,-0.3220965
2025-03-26 08:00:00,-0.51920533
2025-03-26 09:00:00,-0.67004466
2025-03-26 10:00:00,-0.7859593
2025-03-26 11:00:00,-0.8253759
2025-03-26 12:00:00,-0.5436948
2025-03-26 13:00:00,-0.09187347
2025-03-26 14:00:00,0.26163632
2025-03-26 15:00:00,0.51967865
2025-03-26 16:00:00,0.67254084
2025-03-26 17:00:00,0.6300692
2025-03-26 18:00:00,0.39216375
2025-03-26 19:00:00,0.035770655
2025-03-26 20:00:00,-0.24696796
2025-03-26 21:00:00,-0.46783677
2025-03-26 22:00:00,-0.6410313
2025-03-26 23:00:00,-0.77236146
2025-03-27 00:00:00,-0.806012
2025-03-27 01:00:00,-0.4369515
2025-03-27 02:00:00,-0.0056551485
2025-03-27 03:00:00,0.32047397
2025-03-27 04:00:00,0.5281545
2025-03-27 05:00:00,0.5817022
2025-03-27 06:00:00,0.4098326
2025-03-27 07:00:00,0.062236607
2025-03-27 08:00:00,-0.236684
2025-03-27 09:00:00,-0.44512635
2025-03-27 10:00:00,-0.60979104
2025-03-27 11:00:00,-0.7309693
2025-03-27 12:00:00,-0.7856575
2025-03-27 13:00:00,-0.41631213
2025-03-27 14:00:00,0.10951878
2025-03-27 15:00:00,0.51324546
2025-03-27 16:00:00,0.81891984
2025-03-27 17:00:00,0.9522326
2025-03-27 18:00:00,0.8101268
2025-03-27 19:00:00,0.42331952
2025-03-27 20:00:00,0.030571736
2025-03-27 21:00:00,-0.24670951
2025-03-27 22:00:00,-0.46893442
2025-03-27 23:00:00,-0.6456715
2025-03-28 00:00:00,-0.7745547
2025-03-28 01:00:00,-0.76683545
2025-03-28 02:00:00,-0.25363317
2025-03-28 03:00:00,0.21754928
2025-03-28 04:00:00,0.5745029
2025-03-28 05:00:00,0.8107591
2025-03-28 06:00:00,0.8269303
